{
  "train_loss": [
    1.7780980074234927,
    0.6936580166873885,
    0.4169930555230369,
    0.2969146355741638,
    0.229960038475474,
    0.1860220266842791,
    0.1526409889073976,
    0.13947197407099135,
    0.11341680807591324,
    0.1156804858850238
  ],
  "dev_loss": [
    0.9366139967250181,
    0.9025931042756009,
    0.96116012110804,
    0.9902454119791989,
    1.0012690707305036,
    1.0839888123440438,
    1.2150003212611373,
    1.248420648252952,
    1.2746768927972594,
    1.1998009105334966
  ],
  "train_acc": [
    0.8052805280528053,
    0.8951710960569741,
    0.9030745179781136,
    0.9549244398124023,
    0.9641306235886746,
    0.9771582421400035,
    0.9726420010422094,
    0.9802848705923224,
    0.9847142608997742,
    0.9849748132708007
  ],
  "train_f1": [
    0.6762737657550136,
    0.8213928809367714,
    0.8376521725354065,
    0.9126094754476697,
    0.9298826269916365,
    0.9596378691517776,
    0.9696868435351694,
    0.9683647178458938,
    0.9797219479936103,
    0.9748300525109427
  ],
  "dev_acc": [
    0.7422528283325135,
    0.7914412198721101,
    0.7673389080177078,
    0.7973438268568618,
    0.8145597638957206,
    0.8170191834727004,
    0.8012788981800295,
    0.8111165764879489,
    0.8061977373339891,
    0.8057058534185932
  ],
  "dev_f1": [
    0.611331092243035,
    0.7191284399535877,
    0.7069582450221977,
    0.7633806161688835,
    0.7649252078208688,
    0.7782037382282597,
    0.7594268162527924,
    0.7767579078502717,
    0.7757888543111108,
    0.7630971517280689
  ],
  "train_f1_weighted": [
    0.796365194206063,
    0.8926241390654355,
    0.8986835413382265,
    0.954733256251799,
    0.96299297483551,
    0.9771555415919523,
    0.9727487977101485,
    0.980132024437675,
    0.9847109574582664,
    0.9847659742222933
  ],
  "dev_f1_weighted": [
    0.7350522268554327,
    0.785158500435372,
    0.76759981065509,
    0.7997329815262015,
    0.8115393454762458,
    0.8189260535795149,
    0.8037410314840291,
    0.8113646342213479,
    0.8049316120598454,
    0.8009106853259299
  ],
  "test_acc": null,
  "test_f1": null,
  "test_f1_weighted": null
}