{
  "train_loss": [
    2.234016099644618,
    1.27464756381491,
    1.1138773028583577,
    1.0090665391361755,
    0.9344796523128429,
    0.896089386787369,
    0.8687071243896045,
    0.823676974438907,
    0.8035717808292248,
    0.7928513564699743
  ],
  "dev_loss": [
    1.334291174306589,
    1.1351778569759108,
    1.117910422297085,
    1.172621894204149,
    0.9428451614965703,
    0.9467524940330608,
    0.9898003386698809,
    0.9629766065992561,
    0.9504822583248218,
    0.9411223608562175
  ],
  "train_acc": [
    0.6816050026055237,
    0.7478721556366162,
    0.7520409935730415,
    0.768542643738058,
    0.8188292513461872,
    0.8272537780093799,
    0.830901511203752,
    0.8441896821261073,
    0.8500086850790343,
    0.8623414973076255
  ],
  "train_f1": [
    0.6051170349489875,
    0.7075369092874036,
    0.7251000652364846,
    0.716929144329166,
    0.8008410470501327,
    0.8266259176311496,
    0.8212005088276929,
    0.8356010104729316,
    0.8532473149855518,
    0.8635951284551133
  ],
  "dev_acc": [
    0.6345302508607968,
    0.6714215445154943,
    0.6847024102311854,
    0.690113133300541,
    0.734874569601574,
    0.7402852926709297,
    0.7279881947860305,
    0.735858337432366,
    0.7388096409247418,
    0.7555336940482046
  ],
  "dev_f1": [
    0.5223787061493801,
    0.5818477673880982,
    0.6156707495558497,
    0.5964579328894852,
    0.6592732674156216,
    0.6825642422103052,
    0.6618184557527526,
    0.6736067624207146,
    0.6773206988607403,
    0.7035051640617328
  ],
  "train_f1_weighted": [
    0.6748431168405038,
    0.7442418973823713,
    0.7470846249149878,
    0.7623500584344162,
    0.8196964814645634,
    0.8266571083159453,
    0.8329374062403574,
    0.843861332097932,
    0.8498563491803394,
    0.8610914173904474
  ],
  "dev_f1_weighted": [
    0.6291508729846856,
    0.6666390094846106,
    0.6766718678824631,
    0.6853680019224951,
    0.7337590462574352,
    0.7389919290320962,
    0.7332787450920946,
    0.7354164683748209,
    0.7374608373015838,
    0.7528141398488711
  ],
  "test_acc": null,
  "test_f1": null,
  "test_f1_weighted": null
}